<?xml version="1.0" encoding="UTF-8" ?>
<bmtactionlog project="C:\Documents and Settings\mubha\My Documents\VSS-Projects\NewProject1\log.xml" timestamp="20101123103928233" user="mubha" version="8.3.874.0"><transaction saved="true" seq="1" timestamp="20101123103928155" uniqueId="3774C13CC854D632"><action seq="1" type="SetDefaultLocale"><inputparams><param seq="1" type="i18nstring"><value>en</value></param></inputparams><domchanges/><result success="t"><outputparams/></result></action></transaction><transaction saved="true" seq="2" timestamp="20101123103928186" uniqueId="B8F57686EA5F60EB"><action seq="1" type="SetActiveLocale"><inputparams><param seq="1" type="i18nstring"><value>en</value></param></inputparams><domchanges/><result success="t"><outputparams/></result></action></transaction><transaction event="Save" saved="true" seq="3" timestamp="20101123103928217" uniqueId="363694511073673E" user="mubha"/><transaction saved="true" seq="4" timestamp="20101123103928249" uniqueId="3944021DD8374E37"><action seq="1" type="Modify"><inputparams><param seq="1" type="handle"><mappingpath>project/name</mappingpath><value>/O/name[0]/O/[]</value></param><param seq="2" type="i18nstring"><value>NewProject1</value></param></inputparams><domchanges/><result success="t"><outputparams/></result></action></transaction><transaction event="Save" saved="true" seq="5" timestamp="20101123103952637" uniqueId="966AD178AFFDAD86" user="mubha"/><transaction saved="true" seq="6" timestamp="20101123112302088" uniqueId="E1F543A47F18CC73"><action seq="1" type="SetActiveLocale"><inputparams><param seq="1" type="i18nstring"><value>en</value></param></inputparams><domchanges/><result success="t"><outputparams/></result></action></transaction><transaction event="StartSession" saved="true" seq="7" timestamp="20101125085739746" uniqueId="59CAD30D59CAD30D" user="rmya"/><transaction saved="true" seq="8" timestamp="20101125085814167" uniqueId="BC272D17BC272D17"><action seq="1" type="SetActiveLocale"><inputparams><param seq="1" type="i18nstring"><value>en</value></param></inputparams><domchanges/><result success="t"><outputparams/></result></action></transaction><transaction event="Save" saved="true" seq="9" timestamp="20101125085946086" uniqueId="EC63AFC8EC63AFC8" user="rmya"/><transaction event="StartSession" saved="true" seq="10" timestamp="20101125094813977" uniqueId="88A9F6B888A9F6B8" user="rmya"/><transaction saved="true" seq="11" timestamp="20101125094826289" uniqueId="1D0AB76E1D0AB76E"><action seq="1" type="SetActiveLocale"><inputparams><param seq="1" type="i18nstring"><value>en</value></param></inputparams><domchanges/><result success="t"><outputparams/></result></action></transaction><transaction saved="true" seq="12" timestamp="20101125095514698" uniqueId="AC9F0B49AC9F0B49"><action seq="1" type="SetSecurityViewAccess"><inputparams><param seq="1" type="handle"><mappingpath>securityView</mappingpath><value>[].[securityViews].[Goodsflow]</value></param><param seq="2" type="integer"><value>1</value></param><param seq="3" type="cclnode"><value><![CDATA[<securityObjects/>]]></value></param></inputparams><domchanges/><result success="t"><outputparams/></result></action></transaction><transaction saved="true" seq="13" timestamp="20101125095514870" uniqueId="10634EDB10634EDB"><action seq="1" type="SetSecurityViewAccess"><inputparams><param seq="1" type="handle"><mappingpath>package</mappingpath><value>[].[packages].[Goodsflow]</value></param><param seq="2" type="integer"><value>1</value></param><param seq="3" type="cclnode"><value><![CDATA[<securityObjects/>]]></value></param></inputparams><domchanges/><result success="t"><outputparams/></result></action></transaction><transaction event="Save" saved="true" seq="14" timestamp="20101125095708007" uniqueId="785BB546785BB546" user="rmya"/><transaction event="StartSession" saved="true" seq="15" timestamp="20141113112113825" uniqueId="00BF6BF300BF6BF3" user="vearr"/><transaction saved="true" seq="16" timestamp="20141113112122810" uniqueId="777C9E74777C9E74"><action seq="1" type="SetActiveLocale"><inputparams><param seq="1" type="i18nstring"><value>en</value></param></inputparams><domchanges/><result success="t"><outputparams/></result></action></transaction><transaction saved="true" seq="17" timestamp="20141113112151920" uniqueId="6C9D649C6C9D649C"><action seq="1" type="Modify"><inputparams><param seq="1" type="handle"><mappingpath>package/name</mappingpath><value>/O/name[0]/O/[].[packages].[Goodsflow]</value></param><param seq="2" type="i18nstring"><value>Goodsflow</value></param></inputparams><domchanges/><result success="t"><outputparams/></result></action></transaction><transaction saved="true" seq="18" timestamp="20141113112215710" uniqueId="BE2D8156BE2D8156"><action seq="1" type="Modify"><inputparams><param seq="1" type="handle"><mappingpath>project/@queryMode</mappingpath><value>/O/@queryMode/O/[]</value></param><param seq="2" type="i18nstring"><value>dynamic</value></param></inputparams><domchanges/><result success="t"><outputparams/></result></action><action seq="2" type="GetRelmdQuerySubjects"><inputparams/><domchanges/><result success="t"><outputparams/></result></action><action seq="3" type="UpdateQuerySubjects"><inputparams><param seq="1" type="bmtparams"><value><param seq="0" type="handle"><mappingpath>querySubject</mappingpath><value>[Model].[GFLOW_CSM_T(Trad Send CSM)]</value></param></value></param></inputparams><domchanges/><result success="t"><outputparams/></result></action><action seq="4" type="UpdateQuerySubjects"><inputparams><param seq="1" type="bmtparams"><value><param seq="0" type="handle"><mappingpath>querySubject</mappingpath><value>[Model].[GFLOW_GEO_DIM_CNOR(Trad Send)]</value></param></value></param></inputparams><domchanges/><result success="t"><outputparams/></result></action><action seq="5" type="UpdateQuerySubjects"><inputparams><param seq="1" type="bmtparams"><value><param seq="0" type="handle"><mappingpath>querySubject</mappingpath><value>[Model].[GFLOW_SPECIAL_2]</value></param></value></param></inputparams><domchanges/><result success="t"><outputparams/></result></action><action seq="6" type="UpdateQuerySubjects"><inputparams><param seq="1" type="bmtparams"><value><param seq="0" type="handle"><mappingpath>querySubject</mappingpath><value>[Model].[Trad Send CSM]</value></param></value></param></inputparams><domchanges/><result success="t"><outputparams/></result></action><action seq="7" type="UpdateQuerySubjects"><inputparams><param seq="1" type="bmtparams"><value><param seq="0" type="handle"><mappingpath>querySubject</mappingpath><value>[Model].[DS Send(Arr)]</value></param></value></param></inputparams><domchanges/><result success="t"><outputparams/></result></action><action seq="8" type="UpdateQuerySubjects"><inputparams><param seq="1" type="bmtparams"><value><param seq="0" type="handle"><mappingpath>querySubject</mappingpath><value>[Model].[Trad Send(Arr)]</value></param></value></param></inputparams><domchanges/><result success="t"><outputparams/></result></action><action seq="9" type="UpdateQuerySubjects"><inputparams><param seq="1" type="bmtparams"><value><param seq="0" type="handle"><mappingpath>querySubject</mappingpath><value>[Model].[DS Send(Disp)]</value></param></value></param></inputparams><domchanges/><result success="t"><outputparams/></result></action><action seq="10" type="UpdateQuerySubjects"><inputparams><param seq="1" type="bmtparams"><value><param seq="0" type="handle"><mappingpath>querySubject</mappingpath><value>[Model].[Trad Send (Disp)]</value></param></value></param></inputparams><domchanges/><result success="t"><outputparams/></result></action></transaction><transaction saved="true" seq="19" timestamp="20141113113805453" uniqueId="2362E1212362E121"><action seq="1" type="Modify"><inputparams><param seq="1" type="handle"><mappingpath>package/name</mappingpath><value>/O/name[0]/O/[].[packages].[Goodsflow]</value></param><param seq="2" type="i18nstring"><value>Goodsflow_DB</value></param></inputparams><domchanges/><result success="t"><outputparams/></result></action></transaction><transaction saved="true" seq="20" timestamp="20141113113837636" uniqueId="9F2BC55A9F2BC55A"><action seq="1" type="SetSecurityViewAccess"><inputparams><param seq="1" type="handle"><mappingpath>securityView</mappingpath><value>[].[securityViews].[Goodsflow_DB]</value></param><param seq="2" type="integer"><value>1</value></param><param seq="3" type="cclnode"><value><![CDATA[<securityObjects/>]]></value></param></inputparams><domchanges/><result success="t"><outputparams/></result></action></transaction><transaction saved="true" seq="21" timestamp="20141113113837636" uniqueId="E82CF5CCE82CF5CC"><action seq="1" type="SetSecurityViewAccess"><inputparams><param seq="1" type="handle"><mappingpath>package</mappingpath><value>[].[packages].[Goodsflow_DB]</value></param><param seq="2" type="integer"><value>1</value></param><param seq="3" type="cclnode"><value><![CDATA[<securityObjects/>]]></value></param></inputparams><domchanges/><result success="t"><outputparams/></result></action></transaction><transaction saved="true" seq="22" timestamp="20141113113851598" uniqueId="EF9989C4EF9989C4"/><transaction saved="true" seq="23" timestamp="20141113113852160" uniqueId="BDFA2CD2BDFA2CD2"><action seq="1" type="Undo"><inputparams/><domchanges/><result success="t"><outputparams/></result></action></transaction><transaction saved="true" seq="24" timestamp="20141113115551589" uniqueId="FF62F638FF62F638"><action seq="1" type="SetSecurityViewAccess"><inputparams><param seq="1" type="handle"><mappingpath>securityView</mappingpath><value>[].[securityViews].[Goodsflow_DB]</value></param><param seq="2" type="integer"><value>1</value></param><param seq="3" type="cclnode"><value><![CDATA[<securityObjects/>]]></value></param></inputparams><domchanges/><result success="t"><outputparams/></result></action></transaction><transaction saved="true" seq="25" timestamp="20141113115551604" uniqueId="02A907C202A907C2"><action seq="1" type="SetSecurityViewAccess"><inputparams><param seq="1" type="handle"><mappingpath>package</mappingpath><value>[].[packages].[Goodsflow_DB]</value></param><param seq="2" type="integer"><value>1</value></param><param seq="3" type="cclnode"><value><![CDATA[<securityObjects/>]]></value></param></inputparams><domchanges/><result success="t"><outputparams/></result></action></transaction><transaction saved="true" seq="26" timestamp="20141113115608468" uniqueId="36A9DA2C36A9DA2C"/><transaction saved="true" seq="27" timestamp="20141113115608951" uniqueId="A45ABA6AA45ABA6A"><action seq="1" type="Undo"><inputparams/><domchanges/><result success="t"><outputparams/></result></action></transaction><transaction saved="true" seq="28" timestamp="20141113120809063" uniqueId="596909E3596909E3"><action seq="1" type="Copy"><inputparams><param seq="1" type="handle"><mappingpath>packages</mappingpath><value>[].[packages]</value></param><param seq="2" type="handle"><mappingpath>package</mappingpath><value>[].[packages].[Goodsflow_DB]</value></param></inputparams><domchanges/><result success="t"><outputparams/></result></action></transaction><transaction saved="true" seq="29" timestamp="20141113120829187" uniqueId="6347DE036347DE03"><action seq="1" type="Modify"><inputparams><param seq="1" type="handle"><mappingpath>package/name</mappingpath><value>/O/name[0]/O/[].[packages].[Copy of Goodsflow_DB]</value></param><param seq="2" type="i18nstring"><value>Goodsflow_DB_ADHOC</value></param></inputparams><domchanges/><result success="t"><outputparams/></result></action></transaction><transaction saved="true" seq="30" timestamp="20141113120857407" uniqueId="08B777D808B777D8"><action seq="1" type="SetSecurityViewAccess"><inputparams><param seq="1" type="handle"><mappingpath>securityView</mappingpath><value>[].[securityViews].[Goodsflow_DB_ADHOC]</value></param><param seq="2" type="integer"><value>1</value></param><param seq="3" type="cclnode"><value><![CDATA[<securityObjects/>]]></value></param></inputparams><domchanges/><result success="t"><outputparams/></result></action></transaction><transaction saved="true" seq="31" timestamp="20141113120857407" uniqueId="7FB0474E7FB0474E"><action seq="1" type="SetSecurityViewAccess"><inputparams><param seq="1" type="handle"><mappingpath>package</mappingpath><value>[].[packages].[Goodsflow_DB_ADHOC]</value></param><param seq="2" type="integer"><value>1</value></param><param seq="3" type="cclnode"><value><![CDATA[<securityObjects/>]]></value></param></inputparams><domchanges/><result success="t"><outputparams/></result></action></transaction><transaction saved="true" seq="32" timestamp="20141113120913179" uniqueId="13D2A68713D2A687"/><transaction saved="true" seq="33" timestamp="20141113120913725" uniqueId="D5516AE7D5516AE7"><action seq="1" type="Undo"><inputparams/><domchanges/><result success="t"><outputparams/></result></action></transaction><transaction event="Save" saved="true" seq="34" timestamp="20141113121008809" uniqueId="5051B1235051B123" user="vearr"/></bmtactionlog>
