<?xml version='1.0' encoding='UTF-8'?>
<content xmlns:SOAP-ENV="http://schemas.xmlsoap.org/soap/envelope/" xmlns:SOAP-ENC="http://schemas.xmlsoap.org/soap/encoding/" xmlns:xsi="http://www.w3.org/2001/XMLSchema-instance" xmlns:xsd="http://www.w3.org/2001/XMLSchema" xmlns:bus="http://developer.cognos.com/schemas/bibus/3/" xmlns:cm="http://developer.cognos.com/schemas/bibus/3/">
	<cmBuildNumber>10.2.5004.6</cmBuildNumber>
	<edition>Enterprise</edition>
	<archiveVersion>6</archiveVersion>
	<exportedPackages>
		<item>
			<filename>package1.xml</filename>
			<searchPath>storeID(&apos;i7D53C90EDDFB4EB0AE9EA5F7870C355C&apos;)</searchPath>
			<objectClass>folder</objectClass>
			<name>
				<item>
					<locale xsi:type="xsd:string">en</locale>
					<value xsi:type="xsd:string">Reports</value>
				</item>
			</name>
			<ancestors>
				<item>
					<objectClass>content</objectClass>
					<searchPath>/content</searchPath>
					<name>
						<item xsi:type="cm:multilingualToken">
							<locale xsi:type="xsd:string">ko</locale>
							<value xsi:type="xsd:string">공유 폴더</value>
						</item>
						<item xsi:type="cm:multilingualToken">
							<locale xsi:type="xsd:string">kk</locale>
							<value xsi:type="xsd:string">Жалпы Қалталар</value>
						</item>
						<item xsi:type="cm:multilingualToken">
							<locale xsi:type="xsd:string">sk</locale>
							<value xsi:type="xsd:string">Verejné priečinky</value>
						</item>
						<item xsi:type="cm:multilingualToken">
							<locale xsi:type="xsd:string">sl</locale>
							<value xsi:type="xsd:string">Javne mape</value>
						</item>
						<item xsi:type="cm:multilingualToken">
							<locale xsi:type="xsd:string">sv</locale>
							<value xsi:type="xsd:string">Gemensamma mappar</value>
						</item>
						<item xsi:type="cm:multilingualToken">
							<locale xsi:type="xsd:string">ja</locale>
							<value xsi:type="xsd:string">共有フォルダ</value>
						</item>
						<item xsi:type="cm:multilingualToken">
							<locale xsi:type="xsd:string">it</locale>
							<value xsi:type="xsd:string">Cartelle pubbliche</value>
						</item>
						<item xsi:type="cm:multilingualToken">
							<locale xsi:type="xsd:string">ro</locale>
							<value xsi:type="xsd:string">Dosare publice</value>
						</item>
						<item xsi:type="cm:multilingualToken">
							<locale xsi:type="xsd:string">ca</locale>
							<value xsi:type="xsd:string">Carpetes públiques</value>
						</item>
						<item xsi:type="cm:multilingualToken">
							<locale xsi:type="xsd:string">ru</locale>
							<value xsi:type="xsd:string">Общие папки</value>
						</item>
						<item xsi:type="cm:multilingualToken">
							<locale xsi:type="xsd:string">id</locale>
							<value xsi:type="xsd:string">Folder Umum</value>
						</item>
						<item xsi:type="cm:multilingualToken">
							<locale xsi:type="xsd:string">hr</locale>
							<value xsi:type="xsd:string">Javni direktoriji</value>
						</item>
						<item xsi:type="cm:multilingualToken">
							<locale xsi:type="xsd:string">hu</locale>
							<value xsi:type="xsd:string">Nyilvános mappák</value>
						</item>
						<item xsi:type="cm:multilingualToken">
							<locale xsi:type="xsd:string">pl</locale>
							<value xsi:type="xsd:string">Foldery publiczne</value>
						</item>
						<item xsi:type="cm:multilingualToken">
							<locale xsi:type="xsd:string">zh-tw</locale>
							<value xsi:type="xsd:string">公共資料夾</value>
						</item>
						<item xsi:type="cm:multilingualToken">
							<locale xsi:type="xsd:string">pt</locale>
							<value xsi:type="xsd:string">Pastas públicas</value>
						</item>
						<item xsi:type="cm:multilingualToken">
							<locale xsi:type="xsd:string">en</locale>
							<value xsi:type="xsd:string">Public Folders</value>
						</item>
						<item xsi:type="cm:multilingualToken">
							<locale xsi:type="xsd:string">el</locale>
							<value xsi:type="xsd:string">Δημόσιοι φάκελοι</value>
						</item>
						<item xsi:type="cm:multilingualToken">
							<locale xsi:type="xsd:string">es</locale>
							<value xsi:type="xsd:string">Carpetas públicas</value>
						</item>
						<item xsi:type="cm:multilingualToken">
							<locale xsi:type="xsd:string">fi</locale>
							<value xsi:type="xsd:string">Julkiset kansiot</value>
						</item>
						<item xsi:type="cm:multilingualToken">
							<locale xsi:type="xsd:string">no</locale>
							<value xsi:type="xsd:string">Fellesmapper</value>
						</item>
						<item xsi:type="cm:multilingualToken">
							<locale xsi:type="xsd:string">nl</locale>
							<value xsi:type="xsd:string">Gedeelde mappen</value>
						</item>
						<item xsi:type="cm:multilingualToken">
							<locale xsi:type="xsd:string">fr</locale>
							<value xsi:type="xsd:string">Dossiers publics</value>
						</item>
						<item xsi:type="cm:multilingualToken">
							<locale xsi:type="xsd:string">nb</locale>
							<value xsi:type="xsd:string">Fellesmapper</value>
						</item>
						<item xsi:type="cm:multilingualToken">
							<locale xsi:type="xsd:string">ms</locale>
							<value xsi:type="xsd:string">Folder Umum</value>
						</item>
						<item xsi:type="cm:multilingualToken">
							<locale xsi:type="xsd:string">cs</locale>
							<value xsi:type="xsd:string">Veřejné složky</value>
						</item>
						<item xsi:type="cm:multilingualToken">
							<locale xsi:type="xsd:string">de</locale>
							<value xsi:type="xsd:string">Öffentliche Ordner</value>
						</item>
						<item xsi:type="cm:multilingualToken">
							<locale xsi:type="xsd:string">da</locale>
							<value xsi:type="xsd:string">Offentlige mapper</value>
						</item>
						<item xsi:type="cm:multilingualToken">
							<locale xsi:type="xsd:string">zh-cn</locale>
							<value xsi:type="xsd:string">公共文件夹</value>
						</item>
						<item xsi:type="cm:multilingualToken">
							<locale xsi:type="xsd:string">th</locale>
							<value xsi:type="xsd:string">โฟลเดอร์ทั่วไป</value>
						</item>
						<item xsi:type="cm:multilingualToken">
							<locale xsi:type="xsd:string">tr</locale>
							<value xsi:type="xsd:string">Genel Klasörler</value>
						</item>
					</name>
				</item>
				<item>
					<objectClass>folder</objectClass>
					<searchPath>/content/folder[@name=&apos;08. Delivery operations&apos;]</searchPath>
					<name>
						<item xsi:type="cm:multilingualToken">
							<locale xsi:type="xsd:string">en-us</locale>
							<value xsi:type="xsd:string">08. Delivery operations</value>
						</item>
					</name>
				</item>
				<item>
					<objectClass>folder</objectClass>
					<searchPath>/content/folder[@name=&apos;08. Delivery operations&apos;]/folder[@name=&apos;Goods Flow Advanced&apos;]</searchPath>
					<name>
						<item xsi:type="cm:multilingualToken">
							<locale xsi:type="xsd:string">en</locale>
							<value xsi:type="xsd:string">Goods Flow Advanced</value>
						</item>
					</name>
				</item>
			</ancestors>
		</item>
	</exportedPackages>
	<plugins>
		<item>
			<pluginName>CM_internal_Optional</pluginName>
			<pluginVersion>5.003</pluginVersion>
		</item>
		<item>
			<pluginName>FM_Model</pluginName>
			<pluginVersion>3.001</pluginVersion>
		</item>
		<item>
			<pluginName>RSpecUpgrade_RSpecUpgrade</pluginName>
			<pluginVersion>8.0</pluginVersion>
		</item>
		<item>
			<pluginName>QS_QSMiniQuery</pluginName>
			<pluginVersion>2.002</pluginVersion>
		</item>
		<item>
			<pluginName>CPS_UpgradePortletNames</pluginName>
			<pluginVersion>3.004</pluginVersion>
		</item>
		<item>
			<pluginName>CPS_UpgradeCogadminTabSequence</pluginName>
			<pluginVersion>3.006</pluginVersion>
		</item>
		<item>
			<pluginName>ANS_ANSHighLeveSpec</pluginName>
			<pluginVersion>2.002</pluginVersion>
		</item>
		<item>
			<pluginName>CPS_portalPage</pluginName>
			<pluginVersion>3.002</pluginVersion>
		</item>
		<item>
			<pluginName>CM_FixMonitorOptionGUID</pluginName>
			<pluginVersion>1.001</pluginVersion>
		</item>
		<item>
			<pluginName>CPS_WSRPPortletToFragmentUpgrade</pluginName>
			<pluginVersion>3.003</pluginVersion>
		</item>
		<item>
			<pluginName>CPS_UpgradePortletNamesColorado</pluginName>
			<pluginVersion>3.005</pluginVersion>
		</item>
		<item>
			<pluginName>CM_internal</pluginName>
			<pluginVersion>5.022</pluginVersion>
		</item>
	</plugins>
</content>
